date,source_file,weather_system,region,height_km,pressure_level,status
2025-06-01,AIWS 20250601.docx,WD,north pakistan & neighbourhood,3.1,,persisted
2025-06-01,AIWS 20250601.docx,Trough,along long. 74°e to the north of lat. 32°n,5.8,,
2025-06-01,AIWS 20250601.docx,CYCIR,central pakistan,1.5,,persisted
2025-06-01,AIWS 20250601.docx,CYCIR,haryana,0.9,,persisted
2025-06-01,AIWS 20250601.docx,Trough,central pakistan ; haryana ; north rajasthan,0.9,,persisted
2025-06-01,AIWS 20250601.docx,CYCIR,northeast assam,0.9,,persisted
2025-06-01,AIWS 20250601.docx,Trough,"central parts of east uttar pradesh ; arunachal pradesh ; central parts of bihar, sub-himalayan west bengal, central parts of assam",0.0,,
2025-06-01,AIWS 20250601.docx,Trough,along long. 90°e to the north of lat. 20°n,1.5,,
2025-06-01,AIWS 20250601.docx,Trough,northeast uttar pradesh ; east vidarbha,0.0,,became less marked
2025-06-01,AIWS 20250601.docx,CYCIR,northeast arunachal pradesh,3.1,,became less marked
2025-06-02,AIWS 20250602.docx,WD,north pakistan & adjoining jammu,7.6,,
2025-06-02,AIWS 20250602.docx,CYCIR,haryana & neighbourhood,1.5,,persisted
2025-06-02,AIWS 20250602.docx,Trough,along long. 91°e to the north of lat. 22°n,1.5,,
2025-06-02,AIWS 20250602.docx,CYCIR,east bihar & neighbourhood,1.5,,lay over
2025-06-02,AIWS 20250602.docx,Trough,"east uttar pradesh ; northeast assam ; central parts of bihar, sub-himalayan west bengal & sikkim and assam",0.9,,
2025-06-02,AIWS 20250602.docx,CYCIR,central pakistan,0.0,,became less marked
2025-06-02,AIWS 20250602.docx,CYCIR,northeast assam,0.0,,became less marked
2025-06-02,AIWS 20250602.docx,Trough,"central parts of east uttar pradesh ; arunachal pradesh ; central parts of bihar, sub-himalayan west bengal, central parts of assam",0.0,,became less marked
2025-06-02,AIWS 20250602.docx,Trough,central pakistan ; haryana ; north rajasthan,0.0,,became less marked
2025-06-03,AIWS 20250603.docx,WD,,4.5,,lay over
2025-06-03,AIWS 20250603.docx,Trough,along long. 75°e to the north of lat. 30°n at 0530 hours ist of today,5.8,,persisted
2025-06-03,AIWS 20250603.docx,CYCIR,haryana & neighbourhood,1.5,,persisted
2025-06-03,AIWS 20250603.docx,Trough,along long. 92°e to the north of lat. 22°n,1.5,,
2025-06-03,AIWS 20250603.docx,CYCIR,east bihar,0.9,,became less marked
2025-06-03,AIWS 20250603.docx,CYCIR,haryana,0.9,,lay over
2025-06-03,AIWS 20250603.docx,Trough,east uttar pradesh ; northeast assam,0.0,,became less marked
2025-06-04,AIWS 20250604.docx,WD,punjab & neighbourhood,5.8,,
2025-06-04,AIWS 20250604.docx,CYCIR,south punjab & neighbourhood,1.5,,lay over
2025-06-04,AIWS 20250604.docx,CYCIR,north bangladesh & neighbourhood,0.9,,lay over
2025-06-04,AIWS 20250604.docx,CYCIR,northeast assam & neighbourhood,0.9,,lay over
2025-06-04,AIWS 20250604.docx,CYCIR,south gujarat & neighbourhood between 1,3.1,,lay over
2025-06-04,AIWS 20250604.docx,Trough,along long. 87°e to the north of lat. 22°n,3.1,,
2025-06-04,AIWS 20250604.docx,CYCIR,northwest uttar pradesh,0.0,,became less marked
2025-06-04,AIWS 20250604.docx,Trough,along long. 92°e to the north of lat. 22°n,0.0,,became less marked
2025-06-04,AIWS 20250604.docx,CYCIR,east bihar,0.0,,became less marked
2025-06-04,AIWS 20250604.docx,CYCIR,haryana,0.0,,became less marked
2025-06-05,AIWS 20250605.docx,WD,,5.8,,
2025-06-05,AIWS 20250605.docx,CYCIR,south punjab & neighbourhood,1.5,,lay over
2025-06-06,AIWS 20250606.docx,Trough,along long. 83°e to the north of lat. 20°n,5.8,,
2025-06-06,AIWS 20250606.docx,CYCIR,central pakistan & adjoining northwest rajasthan,0.9,,lay over
2025-06-06,AIWS 20250606.docx,CYCIR,north interior karnataka & adjoining marathwada,3.1,,lay over
2025-06-06,AIWS 20250606.docx,Trough,south madhya maharashtra ; coastal andhra pradesh ; north interior karnataka and telangana,1.5,,
2025-06-06,AIWS 20250606.docx,CYCIR,northwest uttar pradesh & neighbourhood and extended upto 1,1.5,,extended
2025-06-06,AIWS 20250606.docx,CYCIR,northeast assam & neighbourhood and extended upto 1,1.5,,extended
2025-06-06,AIWS 20250606.docx,Trough,south chhattisgarh ; north bangladesh,0.0,,became less marked
2025-06-06,AIWS 20250606.docx,CYCIR,south haryana & neighbourhood,0.0,,became less marked
2025-06-06,AIWS 20250606.docx,CYCIR,north bangladesh & neighbourhood,0.0,,became less marked
2025-06-06,AIWS 20250606.docx,Trough,along long. 88°e to the north of lat. 22°n,0.0,,became less marked
2025-06-06,AIWS 20250606.docx,CYCIR,jharkhand & adjoining south bihar,0.0,,became less marked
2025-06-07,AIWS 20250607.docx,CYCIR,northwest rajasthan & neighbourhood,0.9,,persisted
2025-06-07,AIWS 20250607.docx,CYCIR,northwest uttar pradesh & neighbourhood,1.5,,persisted
2025-06-07,AIWS 20250607.docx,CYCIR,northeast madhya pradesh & neighbourhood and,1.5,,extended
2025-06-07,AIWS 20250607.docx,Trough,east vidarbha ; north interior karnataka,1.5,,
2025-06-07,AIWS 20250607.docx,Trough,along long. 87°e to the north of lat. 22°n,0.0,,
2025-06-07,AIWS 20250607.docx,CYCIR,northeast assam & neighbourhood,0.9,,persisted
2025-06-07,AIWS 20250607.docx,WD,,5.8,,
2025-06-07,AIWS 20250607.docx,Trough,south madhya maharashtra ; coastal andhra pradesh ; north interior karnataka and telangana,0.0,,became less marked
2025-06-07,AIWS 20250607.docx,CYCIR,north interior karnataka & neighbourhood,0.0,,became less marked
2025-06-08,AIWS 20250608.docx,CYCIR,northwest rajasthan,0.9,,lay over
2025-06-08,AIWS 20250608.docx,CYCIR,northwest uttar pradesh,1.5,,lay over
2025-06-08,AIWS 20250608.docx,CYCIR,central pakistan & neighbourhood,1.5,,persisted
2025-06-08,AIWS 20250608.docx,Trough,along long. 89°e to the north of lat. 22°n,0.0,,
2025-06-08,AIWS 20250608.docx,WD,,5.8,,
2025-06-08,AIWS 20250608.docx,CYCIR,east bangladesh & neighbourhood,1.5,,extended
2025-06-08,AIWS 20250608.docx,CYCIR,southeast & adjoining eastcentral bay of bengal,5.8,,lay over
2025-06-08,AIWS 20250608.docx,WD,ladakh & adjoining kashmir,5.8,,
2025-06-08,AIWS 20250608.docx,CYCIR,northeast assam & neighbourhood,0.0,,became less marked
2025-06-08,AIWS 20250608.docx,CYCIR,northeast madhya pradesh & neighbourhood,0.0,,became less marked
2025-06-08,AIWS 20250608.docx,Trough,east vidarbha ; north interior karnataka,0.0,,became less marked
2025-06-09,AIWS 20250609.docx,CYCIR,haryana & neighbourhood,1.5,,persisted
2025-06-09,AIWS 20250609.docx,Trough,the cyclonic circulation over northwest uttar pradesh and neighbourhood ; north madhya pradesh,0.9,,persisted
2025-06-09,AIWS 20250609.docx,WD,,5.8,,
2025-06-09,AIWS 20250609.docx,CYCIR,southeast & adjoining eastcentral bay of bengal,7.6,,persisted
2025-06-09,AIWS 20250609.docx,Trough,north tamil nadu ; south maharashtra coast ; interior karnataka between 3,4.5,,
2025-06-09,AIWS 20250609.docx,CYCIR,northwest bay of bengal and adjoining north coastal odisha & south gangetic west bengal between 1,5.8,,lay over
2025-06-09,AIWS 20250609.docx,CYCIR,north chhattisgarh,1.5,,became less marked
2025-06-09,AIWS 20250609.docx,CYCIR,southeast himachal pradesh & adjoining uttarakhand,0.0,,became less marked
2025-06-09,AIWS 20250609.docx,CYCIR,central pakistan & neighbourhood,0.0,,became less marked
2025-06-09,AIWS 20250609.docx,Trough,along long. 89°e to the north of lat. 22°n,0.0,,
2025-06-09,AIWS 20250609.docx,CYCIR,east bangladesh & neighbourhood,0.0,,became less marked
2025-06-09,AIWS 20250609.docx,WD,ladakh & adjoining kashmir became less marked,0.0,,became less marked
2025-06-10,AIWS 20250610.docx,Trough,"the cyclonic circulation over northwest uttar pradesh and neighbourhood ; telangana northwest uttar pradesh to west central bay of bengal ; north madhya pradesh, south chhattisgarh and central odisha",0.9,,
2025-06-10,AIWS 20250610.docx,Trough,north tamil nadu ; south maharashtra coast ; interior karnataka lay as a shear zone roughly along lat,4.5,,
2025-06-10,AIWS 20250610.docx,CYCIR,northwest uttar pradesh,1.5,,lay over
2025-06-10,AIWS 20250610.docx,CYCIR,northwest bay of bengal,5.8,,lay over
2025-06-10,AIWS 20250610.docx,WD,,5.8,,
2025-06-10,AIWS 20250610.docx,CYCIR,north chhattisgarh and neighborhood,0.9,,lay over
2025-06-10,AIWS 20250610.docx,CYCIR,north pakistan & neighborhood off punjab,1.5,,lay over
2025-06-10,AIWS 20250610.docx,CYCIR,central parts of south uttar pradesh & neighborhood,1.5,,lay over
2025-06-10,AIWS 20250610.docx,CYCIR,southeast & adjoining eastcentral bay of bengal,7.6,,became less marked
2025-06-11,AIWS 20250611.docx,CYCIR,westcentral bay of bengal off north coastal andhra pradesh coast and extended upto 5,5.8,,extended
2025-06-11,AIWS 20250611.docx,Trough,"northeast rajasthan ; the upper air cyclonic circulation over westcentral bay of bengal ; madhya pradesh, chhattisgarh",0.9,,
2025-06-11,AIWS 20250611.docx,CYCIR,central parts of south uttar pradesh,1.5,,extended
2025-06-11,AIWS 20250611.docx,CYCIR,north pakistan & neighborhood off punjab,0.0,,became less marked
2025-06-11,AIWS 20250611.docx,CYCIR,north chhattisgarh,0.9,,became less marked
2025-06-11,AIWS 20250611.docx,CYCIR,north odisha & neighbourhood,0.0,,became less marked
2025-06-11,AIWS 20250611.docx,Trough,north tamil nadu ; south maharashtra coast ; interior karnataka lay as a shear zone roughly along lat,0.0,,became less marked
2025-06-11,AIWS 20250611.docx,WD,,5.8,,became less marked
2025-06-11,AIWS 20250611.docx,Trough,"the cyclonic circulation over northwest uttar pradesh and neighbourhood ; telangana ran from northwest uttar pradesh to west central bay of bengal ; east madhya pradesh, south chhattisgarh and south odisha",0.9,,became less marked
2025-06-12,AIWS 20250612.docx,CYCIR,punjab & neighbourhood,0.9,,lay over
2025-06-12,AIWS 20250612.docx,Trough,"the cyclonic circulation ; southeast madhya pradesh ; haryana, west madhya pradesh",0.9,,
2025-06-12,AIWS 20250612.docx,CYCIR,west uttar pradesh & neighbourhood,1.5,,lay over
2025-06-12,AIWS 20250612.docx,CYCIR,west rajasthan & neighbourhood between 1,3.1,,lay over
2025-06-12,AIWS 20250612.docx,CYCIR,westcentral bay of bengal off north coastal,5.8,,extended
2025-06-12,AIWS 20250612.docx,Trough,"the cyclonic circulation ; coastal karnataka ; chhattisgarh, marathwada, interior karnataka between 3",5.8,,
2025-06-12,AIWS 20250612.docx,WD,,5.8,,
2025-06-12,AIWS 20250612.docx,CYCIR,east uttar pradesh,0.0,,became less marked
2025-06-12,AIWS 20250612.docx,CYCIR,north haryana & chandigarh,0.0,,became less marked
2025-06-13,AIWS 20250613.docx,CYCIR,northwest rajasthan,0.9,,lay over
2025-06-13,AIWS 20250613.docx,Trough,the upper air cyclonic circulation over northwest rajasthan ; marathwada ; madhya pradesh & vidarbha,0.9,,
2025-06-13,AIWS 20250613.docx,CYCIR,north coastal,5.8,,extended
2025-06-13,AIWS 20250613.docx,Trough,"north coastal andhra pradesh ; coastal karnataka ; cyclonic circulation over southwest telangana, interior karnataka today morning",3.1,,persisted
2025-06-13,AIWS 20250613.docx,WD,,5.8,,
2025-06-13,AIWS 20250613.docx,CYCIR,punjab & neighbourhood,0.0,,became less marked
2025-06-13,AIWS 20250613.docx,CYCIR,west uttar pradesh & neighbourhood,0.0,,became less marked
2025-06-13,AIWS 20250613.docx,CYCIR,west rajasthan & neighbourhood,0.0,,became less marked
2025-06-14,AIWS 20250614.docx,CYCIR,northwest rajasthan,1.5,,extended
2025-06-14,AIWS 20250614.docx,Trough,the upper air cyclonic circulation over northwest rajasthan ; marathwada ran from the upper air cyclonic circulation over west rajasthan & adjoining pakistan to north madhya maharashtra ; gujarat region,1.5,,
2025-06-14,AIWS 20250614.docx,CYCIR,north interior karnataka,5.8,,extended
2025-06-14,AIWS 20250614.docx,Trough,westcentral arabian sea ; south coastal odisha ran from the upper air cyclonic circulation over marathwada & neighbourhood to coastal andhra pradesh ; telangana between 3,5.8,,
2025-06-14,AIWS 20250614.docx,WD,,5.8,,
2025-06-14,AIWS 20250614.docx,CYCIR,north odisha & neighbourhood between 3,5.8,,lay over
2025-06-14,AIWS 20250614.docx,CYCIR,westcentral bay of bengal off north coastal andhra pradesh coast,5.8,,lay over
2025-06-14,AIWS 20250614.docx,CYCIR,south bangladesh & adjoining north bay of bengal,3.1,,lay over
2025-06-14,AIWS 20250614.docx,Trough,the cyclonic circulation over south bangladesh & adjoining north bay of bengal ; south odisha,3.1,,
2025-06-14,AIWS 20250614.docx,CYCIR,central assam & neighbourhood,0.9,,lay over
2025-06-15,AIWS 20250615.docx,CYCIR,south bangladesh & adjoining north bay of bengal,7.6,,lay over
2025-06-15,AIWS 20250615.docx,CYCIR,westcentral bay of bengal off north coastal,5.8,,merged
2025-06-15,AIWS 20250615.docx,CYCIR,marathwada,7.6,,extended
2025-06-15,AIWS 20250615.docx,Trough,"east madhya pradesh ; bangladesh ; chhattisgarh, jharkhand & gangetic west bengal and extended upto 1",1.5,,extended
2025-06-15,AIWS 20250615.docx,CYCIR,central assam & neighbourhood,4.5,,persisted
2025-06-15,AIWS 20250615.docx,CYCIR,west rajasthan & adjoining pakistan,1.5,,extended
2025-06-15,AIWS 20250615.docx,Trough,the upper air cyclonic circulation over west rajasthan & adjoining pakistan ; north madhya maharashtra ran from the upper air cyclonic circulation over north rajasthan & neighbourhood to west madhya pradesh,1.5,,
2025-06-15,AIWS 20250615.docx,CYCIR,south himachal pradesh & adjoining north uttarakhand,1.5,,lay over
2025-06-15,AIWS 20250615.docx,CYCIR,east uttar pradesh & neighbourhood,0.9,,lay over
2025-06-15,AIWS 20250615.docx,WD,,5.8,,
2025-06-15,AIWS 20250615.docx,Trough,the upper air cyclonic circulation over marathwada & neighbourhood ; coastal andhra pradesh,0.0,,became less marked
2025-06-15,AIWS 20250615.docx,Trough,the cyclonic circulation over south bangladesh & adjoining north bay of bengal ; south odisha,0.0,,became less marked
2025-06-16,AIWS 20250616.docx,CYCIR,northwest bay of bengal & neighbourhood,5.8,,persisted
2025-06-16,AIWS 20250616.docx,CYCIR,north rajasthan,0.9,,lay over
2025-06-16,AIWS 20250616.docx,CYCIR,south himachal pradesh & adjoining north uttarakhand,3.1,,lay over
2025-06-16,AIWS 20250616.docx,WD,,5.8,,
2025-06-16,AIWS 20250616.docx,CYCIR,northeast assam & neighbourhood and extended upto 1,1.5,,extended
2025-06-16,AIWS 20250616.docx,CYCIR,south madhya maharashtra & neighbourhood,7.6,,extended
2025-06-16,AIWS 20250616.docx,Trough,"east madhya pradesh ; bangladesh ; chhattisgarh, jharkhand & gangetic west bengal and extended upto 1",1.5,,became less marked
2025-06-16,AIWS 20250616.docx,CYCIR,central assam & neighbourhood,0.0,,became less marked
2025-06-16,AIWS 20250616.docx,Trough,the upper air cyclonic circulation over north rajasthan & neighbourhood ; west madhya pradesh,0.0,,became less marked
2025-06-16,AIWS 20250616.docx,CYCIR,east uttar pradesh & neighbourhood,0.0,,became less marked
2025-06-17,AIWS 20250617.docx,Trough,gujarat region & neighbourhood to jharkhand across madhya pradesh & north chhattisgarh,0.9,,
2025-06-17,AIWS 20250617.docx,WD,,5.8,,
2025-06-17,AIWS 20250617.docx,CYCIR,northeast assam & neighbourhood extending upto 1,1.5,,persisted
2025-06-17,AIWS 20250617.docx,CYCIR,south punjab & neighbourhood,0.0,,became less marked
2025-06-17,AIWS 20250617.docx,CYCIR,northeast punjab & neighbourhood,0.0,,became less marked
2025-06-18,AIWS 20250618.docx,Trough,punjab ; north gujarat region ; the cyclonic circulation over central parts of rajasthan between 3,5.8,,
2025-06-18,AIWS 20250618.docx,WD,,4.6,,persisted
2025-06-18,AIWS 20250618.docx,CYCIR,central parts of uttar pradesh & neighbourhood between 3,5.8,,lay over
2025-06-18,AIWS 20250618.docx,Trough,the cyclonic circulation over southeast rajasthan & neighbourhood ; jharkhand has become less marked,0.0,,
2025-06-18,AIWS 20250618.docx,CYCIR,northeast assam & neighbourhood,0.0,,became less marked
2025-06-19,AIWS 20250619.docx,CYCIR,northeast rajasthan & neighbourhood,4.5,,persisted
2025-06-19,AIWS 20250619.docx,Trough,punjab ; north gujarat region ran from northwest uttar pradesh to northeast gujarat region,5.8,,persisted
2025-06-19,AIWS 20250619.docx,WD,,5.8,,persisted
2025-06-19,AIWS 20250619.docx,CYCIR,central parts of uttar pradesh & neighbourhood,0.0,,became less marked
2025-06-20,AIWS 20250620.docx,CYCIR,northeast rajasthan & neighbourhood,5.8,,persisted
2025-06-20,AIWS 20250620.docx,Trough,punjab ; north gujarat region from northwest uttar pradesh to north gujarat region ; the cyclonic circulation over northeast rajasthan & neighbourhood,3.1,,persisted
2025-06-20,AIWS 20250620.docx,CYCIR,southwest rajasthan,0.0,,became less marked
2025-06-21,AIWS 20250621.docx,CYCIR,northeast rajasthan & neighbourhood,1.5,,persisted
2025-06-21,AIWS 20250621.docx,Trough,northwest uttar pradesh ; north gujarat region ran from northeast bangladesh to south gujarat region ; cyclonic circulation associated with low pressure area over southwest bihar and central parts of madhya pradesh,3.1,,
2025-06-21,AIWS 20250621.docx,CYCIR,central parts of assam,1.5,,lay over
2025-06-22,AIWS 20250622.docx,Trough,central pakistan ; central assam,1.5,,
2025-06-22,AIWS 20250622.docx,Trough,south gujarat region ; northeast bangladesh,3.1,,merged
2025-06-22,AIWS 20250622.docx,CYCIR,northeast assam & neighbourhood,0.9,,lay over
2025-06-22,AIWS 20250622.docx,CYCIR,northeast rajasthan & neighbourhood,0.0,,became less marked
2025-06-22,AIWS 20250622.docx,CYCIR,central parts of assam,0.0,,became less marked
2025-06-23,AIWS 20250623.docx,Trough,"above cyclonic circulation over central parts of south uttar pradesh ; northwest bay of bengal ; northeast madhya pradesh, jharkhand & north odisha and extends upto 1",1.5,,
2025-06-23,AIWS 20250623.docx,Trough,along long. 87°e to the north of lat. 21°n,3.1,,
2025-06-23,AIWS 20250623.docx,CYCIR,saurashtra & kutch,3.1,,lay over
2025-06-23,AIWS 20250623.docx,CYCIR,northeast assam & neighbourhood,1.5,,persisted
2025-06-23,AIWS 20250623.docx,CYCIR,bangladesh,7.6,,became less marked
2025-06-24,AIWS 20250624.docx,CYCIR,central parts of south uttar pradesh extending upto 5,5.8,,persisted
2025-06-24,AIWS 20250624.docx,Trough,"the cyclonic circulation over central parts of south uttar pradesh ; northwest bay of bengal ; northeast madhya pradesh, jharkhand & north odisha extending upto 1",1.5,,persisted
2025-06-24,AIWS 20250624.docx,Trough,punjab ; north bangladesh ; the cyclonic circulation over central parts of south uttar pradesh,0.9,,
2025-06-24,AIWS 20250624.docx,CYCIR,south jharkhand & neighbourhood between 3,7.6,,lay over
2025-06-24,AIWS 20250624.docx,Trough,northeast arabian sea ; the above cyclonic circulation over south jharkhand & neighbourhood,3.1,,
2025-06-24,AIWS 20250624.docx,CYCIR,northeast assam & neighbourhood,0.9,,lay over
2025-06-24,AIWS 20250624.docx,CYCIR,westcentral,0.0,,became less marked
2025-06-24,AIWS 20250624.docx,Trough,along long. 87°e to the north of lat. 21°n,0.0,,became less marked
2025-06-25,AIWS 20250625.docx,CYCIR,central parts of south uttar pradesh,5.8,,persisted
2025-06-25,AIWS 20250625.docx,CYCIR,northwest bay of bengal,7.6,,persisted
2025-06-25,AIWS 20250625.docx,Trough,northeast arabian sea ; the cyclonic circulation over south jharkhand & neighbourhood ran from northeast arabian sea to the cyclonic circulation over northwest bay of bengal and adjoining north odisha-west bengal coasts,5.8,,extended
2025-06-25,AIWS 20250625.docx,CYCIR,central assam & neighbourhood,0.0,,became less marked
2025-06-25,AIWS 20250625.docx,Trough,punjab ; north bangladesh ; the cyclonic circulation over central parts of south uttar pradesh,0.0,,became less marked
2025-06-25,AIWS 20250625.docx,CYCIR,south jharkhand & neighbourhood,0.0,,became less marked
2025-06-25,AIWS 20250625.docx,Trough,"central parts of pakistan ; the cyclonic circulation over northwest bay of bengal adjoining north odisha-west bengal coasts ; northern parts of rajasthan, cyclonic circulation over central parts of northeast madhya pradesh, north chhattisgarh and north odisha extending upto 1",1.5,,became less marked
2025-06-26,AIWS 20250626.docx,Trough,"northeast arabian sea ; the cyclonic circulation over northeast madhya pradesh ran from northeast arabian sea to low pressure area over northwest bay of bengal and adjoining coastal areas of odisha and west bengal ; south gujarat, madhya pradesh, chhattisgarh & extended between 1",7.6,,extended
2025-06-26,AIWS 20250626.docx,CYCIR,central parts of northeast madhya pradesh,0.9,,persisted
2025-06-27,AIWS 20250627.docx,CYCIR,southwest rajasthan,5.8,,persisted
2025-06-27,AIWS 20250627.docx,Trough,"the cyclonic circulation over southwest rajasthan ; bangladesh ; east rajasthan, north madhya pradesh, north jharkhand, gangetic west bengal and extended upto 5",5.8,,became less marked
2025-06-27,AIWS 20250627.docx,Trough,"southeast arabian sea ; odisha ; south gujarat, northern parts of madhya maharashtra, vidarbha, chhattisgarh between 4",5.8,,merged
2025-06-27,AIWS 20250627.docx,CYCIR,northeast madhya pradesh,0.9,,became less marked
2025-06-28,AIWS 20250628.docx,CYCIR,saurashtra & kutch & adjoining northeast arabian sea and extended upto middle tropospheric level tilting southwestwards with height,0.0,,extended
2025-06-28,AIWS 20250628.docx,CYCIR,southwest bangladesh & adjoining gangetic west bengal and extended upto 4,4.5,,persisted
2025-06-28,AIWS 20250628.docx,CYCIR,"southwest rajasthan to bangladesh now ran from the upper air cyclonic circulation over southwest bangladesh & adjoining gangetic west bengal to northeast madhya pradesh across jharkhand, north chhattisgarh between 3",1.5,,became less marked
2025-06-28,AIWS 20250628.docx,CYCIR,northeast assam,0.9,,lay over
2025-06-29,AIWS 20250629.docx,Trough,"the upper air cyclonic circulation over south rajasthan & adjoining north gujarat ; the cyclonic circulation associated with the low-pressure area over northwest bay of bengal and adjoining west bengal and bangladesh coasts ; madhya pradesh, north chhattisgarh and north odisha between 3",5.8,,
2025-06-29,AIWS 20250629.docx,CYCIR,north haryana & neighbourhood and extended upto 1,1.5,,extended
2025-06-29,AIWS 20250629.docx,CYCIR,central parts of south uttar pradesh,1.5,,became less marked
2025-06-29,AIWS 20250629.docx,CYCIR,central parts of north arabian sea and extended upto 5,5.8,,extended
2025-06-29,AIWS 20250629.docx,CYCIR,northeast assam,0.9,,became less marked
2025-06-30,AIWS 20250630.docx,Trough,"southwest uttar pradesh ; the cyclonic circulation associated with the low-pressure area over coastal gangetic west bengal & neighbourhood ; southeast uttar pradesh, jharkhand, and gangetic west bengal and neighbourhood extended between 0",3.1,,extended
2025-06-30,AIWS 20250630.docx,CYCIR,central parts of south uttar pradesh merged with the above trough,0.0,,merged
2025-06-30,AIWS 20250630.docx,CYCIR,south rajasthan & adjoining north gujarat,3.1,,persisted
2025-06-30,AIWS 20250630.docx,CYCIR,north haryana & neighbourhood,0.0,,became less marked
2025-06-30,AIWS 20250630.docx,CYCIR,central parts of north arabian sea,0.0,,became less marked
2026-05-01,AIWS 20260501.docx,WD,kashmir & neighbourhood,5.8,,persisted
2026-05-01,AIWS 20260501.docx,Trough,"south odisha ; gulf of mannar ; telangana, andhra pradesh and tamil nadu",0.9,,persisted
2026-05-01,AIWS 20260501.docx,CYCIR,gangetic west bengal & adjoining bangladesh,1.5,,persisted
2026-05-01,AIWS 20260501.docx,CYCIR,southeast bangladesh and neighbourhood between 3,5.8,,lay over
2026-05-01,AIWS 20260501.docx,Trough,along long. 90°e to the north of lat. 22°n merged with above system,7.6,,merged
2026-05-01,AIWS 20260501.docx,Trough,southeast uttar pradesh ; north interior odisha ran from south punjab adjoining northwest rajasthan to central parts of madhya pradesh ; east rajasthan,0.9,,became less marked
2026-05-01,AIWS 20260501.docx,CYCIR,southeast uttar pradesh & neighbourhood,0.0,,became less marked
2026-05-01,AIWS 20260501.docx,CYCIR,northeast bangladesh & neighbourhood,0.0,,
2026-05-02,AIWS 20260502.docx,WD,,0.0,,
2026-05-02,AIWS 20260502.docx,CYCIR,north punjab & neighbourhood,1.5,,persisted
2026-05-02,AIWS 20260502.docx,CYCIR,gangetic west bengal & adjoining bangladesh,3.1,,lay over
2026-05-02,AIWS 20260502.docx,CYCIR,west rajasthan & neighbourhood,0.9,,lay over
2026-05-02,AIWS 20260502.docx,Trough,"above the cyclonic circulation over west rajasthan ; comorin area ; east rajasthan, madhya pradesh, vidarbha, telangana, rayalaseema and interior tamil nadu",0.9,,
2026-05-02,AIWS 20260502.docx,CYCIR,southeast bangladesh,0.0,,became less marked
2026-05-02,AIWS 20260502.docx,WD,kashmir & neighbourhood moved away,0.0,,
2026-05-02,AIWS 20260502.docx,Trough,"south odisha ; gulf of mannar ; telangana, andhra pradesh and tamil nadu",0.0,,became less marked
2026-05-02,AIWS 20260502.docx,CYCIR,central pakistan & adjoining rajasthan between 1,3.1,,became less marked
2026-05-02,AIWS 20260502.docx,CYCIR,north odisha & adjoining gangetic west bengal,0.9,,became less marked
2026-05-03,AIWS 20260503.docx,WD,,3.1,,persisted
2026-05-03,AIWS 20260503.docx,Trough,along long. 69°e to the north of lat. 30°n,5.8,,
2026-05-03,AIWS 20260503.docx,CYCIR,north haryana & neighbourhood,1.5,,extended
2026-05-03,AIWS 20260503.docx,Trough,the upper air cyclonic circulation over haryana & neighbourhood ; over southwest rajasthan,0.9,,
2026-05-03,AIWS 20260503.docx,CYCIR,west rajasthan & neighbourhood,0.9,,merged
2026-05-03,AIWS 20260503.docx,CYCIR,southeast rajasthan & neighbourhood,0.9,,lay over
2026-05-03,AIWS 20260503.docx,CYCIR,east madhya pradesh & neighbourhood,1.5,,extended
2026-05-03,AIWS 20260503.docx,Trough,"chhattisgarh ; comorin area ; telangana, andhra pradesh and tamil nadu",1.5,,persisted
2026-05-03,AIWS 20260503.docx,CYCIR,central assam & neighbourhood,3.1,,lay over
2026-05-03,AIWS 20260503.docx,CYCIR,north bangladesh & adjoining gangetic west bengal,1.5,,persisted
2026-05-04,AIWS 20260504.docx,WD,north pakistan & neighbourhood,3.1,,persisted
2026-05-04,AIWS 20260504.docx,Trough,along long. 72°e to the north of lat. 28°n,5.8,,
2026-05-04,AIWS 20260504.docx,CYCIR,haryana & neighbourhood extended upto 1,1.5,,persisted
2026-05-04,AIWS 20260504.docx,Trough,above upper air cyclonic circulation over haryana & neighbourhood ; southwest rajasthan has merged with the above system,0.0,,merged
2026-05-04,AIWS 20260504.docx,CYCIR,east madhya pradesh & neighbourhood,1.5,,persisted
2026-05-04,AIWS 20260504.docx,Trough,"south chhattisgarh ; manipur ; the cyclonic circulation over interior odisha & neighbourhood, gangetic west bengal and meghalaya",0.9,,
2026-05-04,AIWS 20260504.docx,Trough,"south chhattisgarh ; comorin area now ran from vidarbha to comorin area ; telangana, rayalaseema and interior tamil nadu",0.9,,
2026-05-04,AIWS 20260504.docx,CYCIR,central assam & neighbourhood,1.5,,lay over
2026-05-04,AIWS 20260504.docx,CYCIR,southeast rajasthan & neighbourhood,0.0,,became less marked
2026-05-05,AIWS 20260505.docx,WD,north pakistan & neighbourhood,3.1,,persisted
2026-05-05,AIWS 20260505.docx,Trough,along long. 72°e to the north of lat. 28°n,5.8,,
2026-05-05,AIWS 20260505.docx,CYCIR,haryana & neighbourhood,1.5,,persisted
2026-05-05,AIWS 20260505.docx,CYCIR,southeast rajasthan & neighbourhood and extended upto 1,1.5,,extended
2026-05-05,AIWS 20260505.docx,CYCIR,central parts of east uttar pradesh,0.9,,lay over
2026-05-05,AIWS 20260505.docx,CYCIR,east madhya pradesh & neighbourhood,1.5,,extended
2026-05-05,AIWS 20260505.docx,Trough,south chhattisgarh ; manipur ran from the cyclonic circulation over central parts of madhya pradesh to bihar,0.9,,persisted
2026-05-05,AIWS 20260505.docx,Trough,vidarbha ; comorin area ran from central parts of madhya pradesh to comorin area,1.5,,persisted
2026-05-05,AIWS 20260505.docx,Trough,along long. 89°e to the north of lat. 21°n,3.1,,
2026-05-05,AIWS 20260505.docx,Trough,the upper air cyclonic circulation over haryana & neighbourhood ; northeast arabian sea ran from haryana to southwest rajasthan,1.5,,became less marked
2026-05-05,AIWS 20260505.docx,CYCIR,central assam & neighbourhood,0.9,,persisted
2026-05-05,AIWS 20260505.docx,CYCIR,interior odisha & neighbourhood,0.0,,became less marked
2026-05-06,AIWS 20260506.docx,WD,kashmir & neighbourhood seen as a trough in westerlies,7.6,,
2026-05-06,AIWS 20260506.docx,CYCIR,southwest rajasthan extended upto 1,1.5,,persisted
2026-05-06,AIWS 20260506.docx,CYCIR,east uttar pradesh,0.9,,lay over
2026-05-06,AIWS 20260506.docx,CYCIR,central assam & neighbourhood,0.9,,lay over
2026-05-06,AIWS 20260506.docx,CYCIR,north telangana & neighbourhood,1.5,,persisted
2026-05-06,AIWS 20260506.docx,CYCIR,gulf of mannar & neighbourhood,1.5,,lay over
2026-05-06,AIWS 20260506.docx,Trough,cyclonic circulation over central parts of south madhya pradesh ; gulf of mannar ran from north interior karnataka to gulf of mannar ; rayalaseema and tamil nadu,0.9,,
2026-05-06,AIWS 20260506.docx,Trough,the cyclonic circulation over central parts of south madhya pradesh ; bihar,0.0,,became less marked
2026-05-06,AIWS 20260506.docx,CYCIR,central parts of south madhya pradesh,0.0,,became less marked
2026-05-06,AIWS 20260506.docx,CYCIR,haryana & neighbourhood,0.0,,became less marked
2026-05-06,AIWS 20260506.docx,Trough,along long. 89°e to the north of lat. 21°n,3.1,,
2026-05-07,AIWS 20260507.docx,WD,,7.6,,persisted
2026-05-07,AIWS 20260507.docx,CYCIR,northeast uttar pradesh & neighbourhood,4.5,,persisted
2026-05-07,AIWS 20260507.docx,CYCIR,central assam & neighbourhood,1.5,,persisted
2026-05-07,AIWS 20260507.docx,CYCIR,central parts of south madhya pradesh & neighbourhood,1.5,,lay over
2026-05-07,AIWS 20260507.docx,CYCIR,central pakistan & adjoining south punjab and extended upto 1,1.5,,persisted
2026-05-07,AIWS 20260507.docx,CYCIR,southeast arabian sea and adjoining lakshadweep off south kerala coast,0.9,,persisted
2026-05-07,AIWS 20260507.docx,Trough,"southwest madhya pradesh ; southeast arabian sea and adjoining lakshadweep off south kerela ; madhya maharashtra, interior karnataka & kerala",0.9,,persisted
2026-05-07,AIWS 20260507.docx,Trough,central parts of south madhya pradesh ; jharkhand ; chhattisgarh,0.9,,persisted
2026-05-07,AIWS 20260507.docx,CYCIR,north haryana & neighbourhood,1.5,,persisted
2026-05-07,AIWS 20260507.docx,CYCIR,interior odisha and adjoining chhattisgarh,1.5,,persisted
2026-05-07,AIWS 20260507.docx,Trough,north interior karnataka ; gulf of mannar ; rayalaseema and tamil nadu,0.0,,became less marked
2026-05-07,AIWS 20260507.docx,CYCIR,north telangana & neighbourhood,0.0,,became less marked
2026-05-07,AIWS 20260507.docx,CYCIR,southwest rajasthan,0.0,,became less marked
2026-05-07,AIWS 20260507.docx,CYCIR,gulf of mannar & neighbourhood,0.0,,became less marked
2026-05-08,AIWS 20260508.docx,WD,northwest uttar pradesh and adjoining uttarakhand,7.6,,persisted
2026-05-08,AIWS 20260508.docx,CYCIR,central pakistan & adjoining punjab,1.5,,persisted
2026-05-08,AIWS 20260508.docx,Trough,"the upper air cyclonic circulation over central pakistan & adjoining punjab and rajasthan ; northwest bangladesh ; haryana, upper air cyclonic circulation over southwest uttar pradesh & neighbourhood, uttar pradesh, bihar, sub-himalayan west bengal & sikkim",1.5,,
2026-05-08,AIWS 20260508.docx,Trough,"cyclonic circulation over southeast arabian sea and adjoining lakshadweep off south kerala ; southwest madhya pradesh ran from comorin area to southwest madhya pradesh ; vidarbha, marathwada, interior karnataka, rayalaseema and tamil nadu",0.9,,
2026-05-08,AIWS 20260508.docx,CYCIR,southwest uttar pradesh & neighbourhood,0.9,,lay over
2026-05-08,AIWS 20260508.docx,Trough,central parts of south madhya pradesh ; jharkhand ran from the upper air cyclonic circulation over southwest uttar pradesh & neighbourhood to north interior odisha ; east madhya pradesh and chhattisgarh,0.9,,
2026-05-08,AIWS 20260508.docx,CYCIR,central assam & neighbourhood extending upto 1,1.5,,persisted
2026-05-08,AIWS 20260508.docx,CYCIR,south andaman sea & neighbourhood extended upto 1,1.5,,extended
2026-05-08,AIWS 20260508.docx,Trough,along long. 83°e to the north of lat. 18°n,7.6,,
2026-05-08,AIWS 20260508.docx,WD,,0.0,,
2026-05-08,AIWS 20260508.docx,CYCIR,southeast arabian sea,0.0,,became less marked
2026-05-08,AIWS 20260508.docx,CYCIR,north haryana & neighbourhood,0.0,,became less marked
2026-05-08,AIWS 20260508.docx,CYCIR,interior odisha,0.0,,became less marked
2026-05-08,AIWS 20260508.docx,CYCIR,east bihar,0.0,,became less marked
2026-05-08,AIWS 20260508.docx,CYCIR,central parts of south madhya pradesh & neighbourhood,0.0,,became less marked
2026-05-09,AIWS 20260509.docx,WD,northwest uttar pradesh and adjoining uttarakhand,5.8,,persisted
2026-05-09,AIWS 20260509.docx,CYCIR,central pakistan & adjoining punjab,0.9,,lay over
2026-05-09,AIWS 20260509.docx,Trough,"the upper air cyclonic circulation over central parts of rajasthan ; east bangladesh ; madhya pradesh, jharkhand, bihar, gangetic west bengal",1.5,,persisted
2026-05-09,AIWS 20260509.docx,Trough,"upper air cyclonic circulation over comorin area & neighbourhood ; southwest madhya pradesh ; lakshadweep, kerala, karnataka, interior maharashtra",0.9,,persisted
2026-05-09,AIWS 20260509.docx,CYCIR,southwest uttar pradesh & neighbourhood,1.5,,became less marked
2026-05-09,AIWS 20260509.docx,CYCIR,comorin area & neighbourhood and extended upto 1,1.5,,persisted
2026-05-09,AIWS 20260509.docx,CYCIR,southeast arabian sea & adjoining lakshadweep off kerala coast and extended upto 1,1.5,,extended
2026-05-09,AIWS 20260509.docx,CYCIR,east madhya pradesh & neighbourhood,1.5,,lay over
2026-05-09,AIWS 20260509.docx,Trough,the upper air cyclonic circulation over southwest uttar pradesh & neighbourhood ; north interior odisha ; east madhya pradesh and chhattisgarh,0.0,,became less marked
2026-05-09,AIWS 20260509.docx,CYCIR,central assam & neighbourhood,1.5,,became less marked
2026-05-09,AIWS 20260509.docx,Trough,along long. 83°e to the north of lat. 24°n,7.6,,became less marked
2026-05-09,AIWS 20260509.docx,WD,,0.0,,
2026-05-10,AIWS 20260510.docx,WD,,5.8,,
2026-05-10,AIWS 20260510.docx,CYCIR,sub-himalayan west bengal & neighbourhood between 1,5.8,,persisted
2026-05-10,AIWS 20260510.docx,CYCIR,east rajasthan,0.9,,lay over
2026-05-10,AIWS 20260510.docx,CYCIR,west uttar pradesh & neighbourhood,1.5,,lay over
2026-05-10,AIWS 20260510.docx,Trough,"the upper air cyclonic circulation over east rajasthan ; east jharkhand ran from the upper air cyclonic circulation over southeast rajasthan & neighbourhood to gangetic west bengal ; madhya pradesh, chhattisgarh & jharkhand",0.9,,
2026-05-10,AIWS 20260510.docx,CYCIR,northeast bangladesh & neighbourhood,1.5,,lay over
2026-05-10,AIWS 20260510.docx,Trough,"north pakistan and adjoining punjab ; marathwada ; upper air cyclonic circulation over southeast rajasthan & neighbourhood, madhya pradesh & madhya maharashtra",0.9,,
2026-05-10,AIWS 20260510.docx,Trough,"northeast bihar ; central parts of coastal andhra pradesh ; jharkhand, odisha & chhattisgarh",7.6,,
2026-05-10,AIWS 20260510.docx,Trough,southeast arabian sea & adjoining lakshadweep off kerala coast ; marathwada ran from north interior karnataka to the upper air cyclonic circulation over gulf of mannar and adjoining sri lanka kerala coast ; south interior karnataka and tamil nadu,0.9,,
2026-05-10,AIWS 20260510.docx,CYCIR,comorin area & neighbourhood,5.8,,persisted
2026-05-10,AIWS 20260510.docx,CYCIR,southeast arabian sea & adjoining lakshadweep off kerala coast,0.0,,became less marked
2026-05-10,AIWS 20260510.docx,CYCIR,east madhya pradesh & neighbourhood,0.0,,became less marked
2026-05-11,AIWS 20260511.docx,Trough,the centre of low pressure area over southwest bay of bengal off north sri lanka coast ; south lakshadweep area ; south tamil nadu between 1,4.5,,
2026-05-11,AIWS 20260511.docx,CYCIR,southeast arabian sea & lakshadweep adjoining kerala coast,0.9,,persisted
2026-05-11,AIWS 20260511.docx,Trough,the cyclonic circulation over southeast arabian sea & adjoining lakshadweep adjoining kerala coast ; marathwada ; coastal karnataka,0.9,,
2026-05-11,AIWS 20260511.docx,WD,,3.1,,
2026-05-11,AIWS 20260511.docx,CYCIR,west rajasthan & neighbourhood,1.5,,persisted
2026-05-11,AIWS 20260511.docx,CYCIR,west madhya pradesh,1.5,,extended
2026-05-11,AIWS 20260511.docx,Trough,"upper air cyclonic circulation over southwest madhya pradesh ; sub himalayan west bengal ; east madhya pradesh, chhattisgarh and jharkhand and extended upto 1",1.5,,extended
2026-05-11,AIWS 20260511.docx,CYCIR,sub-himalayan west bengal & neighbourhood between 1,3.1,,persisted
2026-05-11,AIWS 20260511.docx,Trough,east arunachal pradesh ; north bay of bengal ; assam between 5,5.8,,
2026-05-11,AIWS 20260511.docx,CYCIR,northeast bangladesh & neighbourhood,1.5,,extended
2026-05-11,AIWS 20260511.docx,Trough,"northeast bihar ; central parts of coastal andhra pradesh ; jharkhand, odisha & chhattisgarh",7.6,,became less marked
2026-05-11,AIWS 20260511.docx,Trough,"north pakistan and adjoining punjab ; marathwada ; upper air cyclonic circulation over southeast rajasthan & neighbourhood, madhya pradesh & madhya maharashtra",0.0,,became less marked
2026-05-12,AIWS 20260512.docx,Trough,"the centre of low pressure area over southwest bay of bengal off north sri lanka coast ; south lakshadweep area ran from the centre of low pressure area over southwest bay of bengal to marathwada ; north tamil nadu, rayalaseema, north interior karnataka",0.9,,
2026-05-12,AIWS 20260512.docx,WD,,3.1,,persisted
2026-05-12,AIWS 20260512.docx,CYCIR,west rajasthan & neighbourhood,0.9,,persisted
2026-05-12,AIWS 20260512.docx,CYCIR,southwest madhya pradesh & neighbourhood,1.5,,persisted
2026-05-12,AIWS 20260512.docx,Trough,"upper air cyclonic circulation over southwest madhya pradesh ; sub himalayan west bengal ran from upper air cyclonic circulation over southwest madhya pradesh to manipur ; east madhya pradesh, chhattisgarh, jharkhand & gangetic west bengal and extends upto 0",0.9,,
2026-05-12,AIWS 20260512.docx,Trough,east arunachal pradesh ; north bay of bengal ran roughly along long,0.0,,
2026-05-12,AIWS 20260512.docx,CYCIR,north central uttar pradesh & neighbourhood,1.5,,lay over
2026-05-12,AIWS 20260512.docx,CYCIR,south interior karnataka & neighbourhood,5.8,,lay over
2026-05-12,AIWS 20260512.docx,Trough,the cyclonic circulation over southeast arabian sea & adjoining lakshadweep adjoining kerala coast ; marathwada,0.0,,became less marked
2026-05-12,AIWS 20260512.docx,CYCIR,sub-himalayan west bengal & neighbourhood between 1,3.1,,became less marked
2026-05-12,AIWS 20260512.docx,CYCIR,south assam & neighbourhood,0.0,,became less marked
2026-05-12,AIWS 20260512.docx,CYCIR,southeast arabian sea & lakshadweep adjoining kerala coast,0.0,,became less marked
2026-05-13,AIWS 20260513.docx,WD,,3.1,,lay over
2026-05-13,AIWS 20260513.docx,CYCIR,south haryana & neighbourhood,0.9,,lay over
2026-05-13,AIWS 20260513.docx,CYCIR,northwest uttar pradesh & adjoining uttarakhand,0.9,,lay over
2026-05-13,AIWS 20260513.docx,CYCIR,southwest madhya pradesh & neighbourhood,0.9,,persisted
2026-05-13,AIWS 20260513.docx,Trough,upper air cyclonic circulation over southwest madhya pradesh ; manipur trough ran from upper air cyclonic circulation over southwest madhya pradesh to north chhattisgarh,0.9,,persisted
2026-05-13,AIWS 20260513.docx,Trough,along long. 89°e to the north of lat. 22°n,3.1,,persisted
2026-05-13,AIWS 20260513.docx,Trough,"southwest madhya pradesh ; south interior karnataka ; madhya maharashtra, north interior karnataka upto 1",1.5,,
2026-05-13,AIWS 20260513.docx,Trough,the centre of low-pressure area over southwest bay of bengal ran from the centre of low-pressure area over southwest adjoining westcentral bay of bengal ; comorin area,0.0,,became less marked
2026-05-13,AIWS 20260513.docx,CYCIR,west rajasthan & neighbourhood,0.0,,became less marked
2026-05-13,AIWS 20260513.docx,Trough,east arunachal pradesh ; north bay of bengal ran roughly along long,0.0,,
2026-05-13,AIWS 20260513.docx,CYCIR,north central uttar pradesh & neighbourhood,0.0,,became less marked
2026-05-15,AIWS 20260515.docx,WD,,5.8,,persisted
2026-05-15,AIWS 20260515.docx,WD,jammu adjoining north pakistan,5.8,,persisted
2026-05-15,AIWS 20260515.docx,CYCIR,southeast madhya pradesh to sub-himalayan west bengal & sikkim ran southeast rajasthan to sub-himalayan west bengal & sikkim,0.9,,persisted
2026-05-15,AIWS 20260515.docx,CYCIR,east uttar pradesh & neighbourhood,0.9,,merged
2026-05-15,AIWS 20260515.docx,Trough,the upper air cyclonic circulation over east madhya pradesh ; north interior karnataka ; vidarbha and marathwada,0.9,,
2026-05-15,AIWS 20260515.docx,Trough,"vidarbha ; well-marked low-pressure area over southwest & adjoining westcentral bay of bengal ; marathwada, north interior karnataka, rayalaseema and north tamil nadu",0.9,,became less marked
2026-05-15,AIWS 20260515.docx,CYCIR,north interior karnataka & neighbourhood,0.0,,became less marked
2026-05-15,AIWS 20260515.docx,CYCIR,west uttar pradesh & neighbourhood,0.0,,became less marked
2026-05-15,AIWS 20260515.docx,CYCIR,east bangladesh & neighbourhood,0.0,,became less marked
2026-05-15,AIWS 20260515.docx,CYCIR,southeast madhya pradesh & neighbourhood,0.0,,became less marked
2026-05-16,AIWS 20260516.docx,CYCIR,north coastal tamil nadu & neighbourhood,0.9,,merged
2026-05-16,AIWS 20260516.docx,WD,,3.1,,persisted
2026-05-16,AIWS 20260516.docx,Trough,along long. 70°e to the north of lat. 33°n,5.8,,
2026-05-16,AIWS 20260516.docx,CYCIR,south rajasthan & neighbourhood,3.1,,lay over
2026-05-16,AIWS 20260516.docx,CYCIR,east rajasthan & neighbourhood,0.9,,lay over
2026-05-16,AIWS 20260516.docx,CYCIR,central uttar pradesh & neighbourhood and extended upto 1,1.5,,extended
2026-05-16,AIWS 20260516.docx,CYCIR,northwest uttar pradesh & adjoining uttarakhand,0.9,,lay over
2026-05-16,AIWS 20260516.docx,CYCIR,east madhya pradesh & neighbourhood,0.9,,persisted
2026-05-16,AIWS 20260516.docx,Trough,the upper air cyclonic circulation over east madhya pradesh ; north interior karnataka ran from the upper air cyclonic circulation over northeast vidarbha & neighbourhood to coastal karnataka ; telangana and interior karnataka,0.9,,persisted
2026-05-17,AIWS 20260517.docx,CYCIR,south rajasthan & neighbourhood,3.1,,lay over
2026-05-17,AIWS 20260517.docx,CYCIR,northeast vidarbha & neighbourhood,0.9,,lay over
2026-05-17,AIWS 20260517.docx,CYCIR,east uttar pradesh,0.9,,lay over
2026-05-17,AIWS 20260517.docx,CYCIR,northeast bihar,0.9,,lay over
2026-05-17,AIWS 20260517.docx,CYCIR,central assam & neighbourhood,0.9,,lay over
2026-05-17,AIWS 20260517.docx,CYCIR,comorin area & neighbourhood,3.1,,lay over
2026-05-17,AIWS 20260517.docx,Trough,"the cyclonic circulation over west vidarbha & neighbourhood ; gulf of mannar ; marathwada, interior karnataka, and tamil nadu",0.9,,lay over
2026-05-17,AIWS 20260517.docx,WD,jammu & adjoining north pakistan became less marked,0.0,,became less marked
2026-05-17,AIWS 20260517.docx,Trough,along long. 92°e to the north of lat. 26°n moved away east-northeastwards,5.8,,
2026-05-17,AIWS 20260517.docx,CYCIR,east rajasthan & neighbourhood,0.9,,merged
2026-05-17,AIWS 20260517.docx,CYCIR,central uttar pradesh & neighbourhood,0.0,,became less marked
2026-05-17,AIWS 20260517.docx,CYCIR,northwest uttar pradesh & adjoining uttarakhand,0.0,,became less marked
2026-05-18,AIWS 20260518.docx,WD,north iran & neighbourhood,7.6,,persisted
2026-05-18,AIWS 20260518.docx,CYCIR,south coastal,1.5,,became less marked
2026-05-18,AIWS 20260518.docx,CYCIR,central assam & neighbourhood became less marked,0.0,,became less marked
2026-05-19,AIWS 20260519.docx,WD,north iran & neighbourhood,5.8,,persisted
2026-05-19,AIWS 20260519.docx,Trough,along long. 72°e to the north of lat. 31°n,5.8,,
2026-05-19,AIWS 20260519.docx,CYCIR,northeast uttar pradesh & adjoining bihar,1.5,,extended
2026-05-19,AIWS 20260519.docx,Trough,the cyclonic circulation over northeast uttar pradesh & adjoining bihar ; south assam,0.9,,persisted
2026-05-19,AIWS 20260519.docx,Trough,"the west madhya pradesh ; lakshadweep area ran from the east uttar pradesh to lakshadweep area ; madhya maharashtra, marathwada, interior karnataka & kerala and extends upto 1",1.5,,
2026-05-19,AIWS 20260519.docx,CYCIR,south coastal,5.8,,persisted
2026-05-19,AIWS 20260519.docx,Trough,"southeast arabian sea adjoining south lakshadweep area ; the cyclonic circulation over south coastal andhra pradesh ; kerala, south interior karnataka and rayalaseema between 3",5.8,,persisted
2026-05-19,AIWS 20260519.docx,CYCIR,central assam,1.5,,lay over
2026-05-19,AIWS 20260519.docx,CYCIR,sub-himalayan west bengal & neighbourhood,0.0,,became less marked
2026-05-20,AIWS 20260520.docx,WD,north pakistan and adjoining jammu,3.1,,persisted
2026-05-20,AIWS 20260520.docx,WD,,5.8,,
2026-05-20,AIWS 20260520.docx,CYCIR,punjab & neighbourhood,1.5,,persisted
2026-05-20,AIWS 20260520.docx,CYCIR,east uttar pradesh & neighbourhood seen over central parts of north uttar pradesh,0.9,,
2026-05-20,AIWS 20260520.docx,Trough,the cyclonic circulation over east uttar pradesh & neighbourhood ran from central parts of north uttar pradesh ; north telangana ; east madhya pradesh and vidarbha 0,0.9,,
2026-05-20,AIWS 20260520.docx,CYCIR,west bihar & neighbourhood,0.9,,lay over
2026-05-20,AIWS 20260520.docx,CYCIR,east bangladesh & neighbourhood,0.9,,lay over
2026-05-20,AIWS 20260520.docx,CYCIR,gangetic west bengal & adjoining bangladesh,1.5,,lay over
2026-05-20,AIWS 20260520.docx,Trough,"southeast arabian sea ; the central bay of bengal ; lakshadweep, north kerala, south interior karnataka & andhra pradesh between 3",4.5,,
2026-05-20,AIWS 20260520.docx,CYCIR,central assam,0.0,,became less marked
2026-05-20,AIWS 20260520.docx,CYCIR,south coastal,0.0,,became less marked
2026-05-20,AIWS 20260520.docx,Trough,the cyclonic circulation over east uttar pradesh & neighbourhood ; manipur ; north gangetic west bengal and bangladesh,0.0,,became less marked
2026-05-20,AIWS 20260520.docx,Trough,"southeast arabian sea adjoining south lakshadweep area ; the cyclonic circulation over south coastal andhra pradesh ; kerala, south interior karnataka and rayalaseema",0.0,,became less marked
2026-05-21,AIWS 20260521.docx,WD,,5.8,,
2026-05-21,AIWS 20260521.docx,CYCIR,punjab & adjoining pakistan,0.9,,lay over
2026-05-21,AIWS 20260521.docx,CYCIR,west bihar & neighbourhood,0.9,,lay over
2026-05-21,AIWS 20260521.docx,CYCIR,east bangladesh & neighbourhood merged with the above east-west trough,0.0,,merged
2026-05-21,AIWS 20260521.docx,Trough,east uttar pradesh ; south coastal odisha ; jharkhand and north chhattisgarh and interior odisha,0.9,,
2026-05-21,AIWS 20260521.docx,Trough,along long. 89°e to the north of lat. 20°n,3.1,,
2026-05-21,AIWS 20260521.docx,CYCIR,gangetic west bengal & adjoining bangladesh,1.5,,lay over
2026-05-21,AIWS 20260521.docx,CYCIR,south coastal odisha and neighbourhood,1.5,,lay over
2026-05-21,AIWS 20260521.docx,Trough,southeast arabian sea ; the central bay of bengal ran from central bay of bengal to tamil nadu ; southwest bay of bengal between 3,4.5,,
2026-05-21,AIWS 20260521.docx,CYCIR,north haryana & neighbourhood,1.5,,lay over
2026-05-21,AIWS 20260521.docx,WD,north pakistan and adjoining jammu became less marked,0.0,,became less marked
2026-05-21,AIWS 20260521.docx,CYCIR,central parts of north uttar pradesh,0.0,,became less marked
2026-05-22,AIWS 20260522.docx,WD,,3.1,,
2026-05-22,AIWS 20260522.docx,Trough,along long. 71°e to the north of lat. 28°n,7.6,,
2026-05-22,AIWS 20260522.docx,CYCIR,north haryana & neighbourhood,1.5,,extended
2026-05-22,AIWS 20260522.docx,CYCIR,south coastal odisha,1.5,,extended
2026-05-22,AIWS 20260522.docx,CYCIR,central assam & neighbourhood,1.5,,lay over
2026-05-22,AIWS 20260522.docx,CYCIR,southeast bay of bengal & neighbourhood,3.1,,lay over
2026-05-22,AIWS 20260522.docx,CYCIR,southeast arabian sea & neighbourhood,3.1,,lay over
2026-05-22,AIWS 20260522.docx,Trough,the upper air cyclonic circulation over southeast arabian sea ; comorin area ; kerala and south tamil nadu,3.1,,
2026-05-22,AIWS 20260522.docx,Trough,the upper air cyclonic circulation over northwest uttar pradesh ; the upper air cyclonic circulation over interior odisha ; east uttar pradesh and chhattisgarh extending upto 1,1.5,,
2026-05-22,AIWS 20260522.docx,Trough,east uttar pradesh ; south coastal odisha merged with the above trough,0.0,,merged
2026-05-22,AIWS 20260522.docx,CYCIR,eastcentral arabian sea & neighbourhood,1.5,,persisted
2026-05-22,AIWS 20260522.docx,CYCIR,punjab & neighbourhood,0.0,,became less marked
2026-05-22,AIWS 20260522.docx,CYCIR,east uttar pradesh & neighbourhood,0.0,,became less marked
2026-05-22,AIWS 20260522.docx,Trough,along long. 89°e to the north of lat. 20°n,0.0,,became less marked
2026-05-22,AIWS 20260522.docx,Trough,central bay of bengal ; tamil nadu ; southwest bay of bengal,0.0,,became less marked
2026-05-22,AIWS 20260522.docx,CYCIR,north tamil nadu & neighbourhood,0.9,,became less marked
2026-05-22,AIWS 20260522.docx,CYCIR,coastal bangladesh,0.0,,became less marked
2026-05-23,AIWS 20260523.docx,WD,north pakistan & neighbourhood,3.1,,persisted
2026-05-23,AIWS 20260523.docx,Trough,"along long. 75°e to the north of lat. 25°n at 1730 hrs ist of yesterday, the 22nd may 2026",5.8,,persisted
2026-05-23,AIWS 20260523.docx,CYCIR,central assam & neighbourhood,1.5,,persisted
2026-05-23,AIWS 20260523.docx,CYCIR,southeast bay of bengal & neighbourhood,5.8,,lay over
2026-05-23,AIWS 20260523.docx,Trough,"the upper air cyclonic circulation over northwest uttar pradesh ; the upper air cyclonic circulation over interior odisha ran from the upper air cyclonic circulation over southwest bihar to north coastal andhra pradesh ; jharkhand, north chhattisgarh, and interior odisha",0.9,,persisted
2026-05-23,AIWS 20260523.docx,CYCIR,south bihar & neighbourhood,0.9,,persisted
2026-05-23,AIWS 20260523.docx,Trough,punjab ; southwest rajasthan,1.5,,
2026-05-23,AIWS 20260523.docx,Trough,along long. 90°e to the north of lat. 23°n,5.8,,
2026-05-23,AIWS 20260523.docx,CYCIR,southwest arabian sea between 3,5.8,,lay over
2026-05-23,AIWS 20260523.docx,CYCIR,eastcentral arabian sea & neighbourhood,0.0,,became less marked
2026-05-23,AIWS 20260523.docx,Trough,the upper air cyclonic circulation over southeast arabian sea ; comorin area ; kerala and south tamil nadu,0.0,,became less marked
2026-05-23,AIWS 20260523.docx,CYCIR,southeast arabian sea & neighbourhood,0.0,,became less marked
2026-05-23,AIWS 20260523.docx,CYCIR,rayalaseema and adjoining south coastal andhra pradesh,3.1,,became less marked
2026-05-23,AIWS 20260523.docx,Trough,the upper air cyclonic circulation over southeast bay of bengal ; north kerala ; southwest bay of bengal and tamil nadu,0.0,,became less marked
2026-05-23,AIWS 20260523.docx,CYCIR,interior odisha & neighbourhood,0.0,,became less marked
2026-05-23,AIWS 20260523.docx,WD,,0.0,,
2026-05-24,AIWS 20260524.docx,WD,jammu & neighbourhood,3.1,,persisted
2026-05-24,AIWS 20260524.docx,CYCIR,south bihar & neighbourhood,0.9,,persisted
2026-05-24,AIWS 20260524.docx,CYCIR,central assam & neighbourhood,0.9,,persisted
2026-05-24,AIWS 20260524.docx,CYCIR,southeast adjoining central bay of bengal,5.8,,lay over
2026-05-24,AIWS 20260524.docx,WD,,0.0,,
2026-05-24,AIWS 20260524.docx,Trough,punjab ; southwest rajasthan,0.0,,became less marked
2026-05-24,AIWS 20260524.docx,Trough,along long. 90°e to the north of lat. 23°n moved away,5.8,,
2026-05-24,AIWS 20260524.docx,CYCIR,southwest arabian sea,0.0,,became less marked
